model,mail.activity,transient,False
no,field,type1,relation1,string1,type2,relation2,string2,required,source
1,create_date,,,,datetime,,Created on,False,version 2
2,res_model,,,,char,,Related Document Model,False,version 2
3,activity_decoration,,,,selection,,Decoration Type,False,version 2
4,previous_activity_type_id,,,,many2one,mail.activity.type,Previous Activity Type,False,version 2
5,write_uid,,,,many2one,res.users,Last Updated by,False,version 2
6,res_name,,,,char,,Document Name,False,version 2
7,id,,,,integer,,ID,False,version 2
8,create_uid,,,,many2one,res.users,Created by,False,version 2
9,user_id,,,,many2one,res.users,Assigned to,True,version 2
10,__last_update,,,,datetime,,Last Modified on,False,version 2
11,recommended_activity_type_id,,,,many2one,mail.activity.type,Recommended Activity Type,False,version 2
12,note,,,,html,,Note,False,version 2
13,state,,,,selection,,State,False,version 2
14,force_next,,,,boolean,,Trigger Next Activity,False,version 2
15,can_write,,,,boolean,,Can Write,False,version 2
16,res_id,,,,many2one_reference,,Related Document ID,True,version 2
17,has_recommended_activities,,,,boolean,,Next activities available,False,version 2
18,write_date,,,,datetime,,Last Updated on,False,version 2
19,automated,,,,boolean,,Automated activity,False,version 2
20,display_name,,,,char,,Display Name,False,version 2
21,icon,,,,char,,Icon,False,version 2
22,activity_type_id,,,,many2one,mail.activity.type,Activity Type,False,version 2
23,calendar_event_id,,,,many2one,calendar.event,Calendar Meeting,False,version 2
24,date_deadline,,,,date,,Due Date,True,version 2
25,mail_template_ids,,,,many2many,mail.template,Email templates,False,version 2
26,summary,,,,char,,Summary,False,version 2
27,res_model_id,,,,many2one,ir.model,Document Model,True,version 2
28,activity_category,,,,selection,,Action to Perform,False,version 2
29,request_partner_id,,,,many2one,res.partner,Requesting Partner,False,version 2
,,,,
,,,,
